{"cameraMode":{"drawMode":0,"name":"Shaded","section":"Shading Mode"},"sceneLighting":true,"audioPlay":false,"sceneViewState":{"m_AlwaysRefresh":false,"showFog":true,"showSkybox":true,"showFlares":true,"showImageEffects":true,"showParticleSystems":true,"showVisualEffectGraphs":true,"m_FxEnabled":true},"in2DMode":false,"pivot":{"x":15.355621337890625,"y":-17.157867431640626,"z":-10.72130298614502},"rotation":{"x":0.1411074697971344,"y":0.8587418794631958,"z":-0.33951228857040408,"w":0.35690975189208987},"size":26.79905891418457,"orthographic":true}